{
    "loss": 0.3491106331348419,
    "accuracy": 0.8465356826782227
}